version,actors,seed,alive,mean_survival_days,following_minutes,together_minutes,lost_agreements,self_care_minutes,blocked_need_minutes,optional_work_minutes,pursuit_minutes,episodes,unresolved_episodes,max_closed_episode_minutes
before,1,1,0,0.7438,0,0,0,0,0,0,0,0,0,0
before,1,2,0,1.8826,0,0,0,0,0,0,0,0,0,0
before,1,3,0,1.1944,0,0,0,0,0,0,0,0,0,0
before,1,4,1,2.0000,0,0,0,0,0,0,0,0,0,0
before,1,5,1,2.0000,0,0,0,0,0,0,0,0,0,0
before,1,6,1,2.0000,0,0,0,0,0,0,0,0,0,0
before,1,7,1,2.0000,0,0,0,0,0,0,0,0,0,0
before,1,8,0,1.7458,0,0,0,0,0,0,0,0,0,0
before,1,9,0,0.3924,0,0,0,0,0,0,0,0,0,0
before,1,10,0,1.5681,0,0,0,0,0,0,0,0,0,0
release,1,1,0,0.7438,0,0,0,0,0,0,0,0,0,0
release,1,2,0,1.8826,0,0,0,0,0,0,0,0,0,0
release,1,3,0,1.1944,0,0,0,0,0,0,0,0,0,0
release,1,4,1,2.0000,0,0,0,0,0,0,0,0,0,0
release,1,5,1,2.0000,0,0,0,0,0,0,0,0,0,0
release,1,6,1,2.0000,0,0,0,0,0,0,0,0,0,0
release,1,7,1,2.0000,0,0,0,0,0,0,0,0,0,0
release,1,8,0,1.7458,0,0,0,0,0,0,0,0,0,0
release,1,9,0,0.3924,0,0,0,0,0,0,0,0,0,0
release,1,10,0,1.5681,0,0,0,0,0,0,0,0,0,0
before,2,1,0,0.2618,374,224,1,69,0,15,66,21,0,18
before,2,2,2,2.0000,2880,837,0,1816,0,107,120,36,1,232
before,2,3,0,0.8306,1191,675,1,313,0,125,78,35,0,185
before,2,4,2,2.0000,2880,1241,0,1255,0,193,191,44,1,303
before,2,5,0,1.7000,2435,965,1,1285,0,63,122,19,0,961
before,2,6,1,1.9795,2294,523,1,1473,0,210,88,32,0,501
before,2,7,2,2.0000,2880,1068,0,1619,0,103,90,22,1,630
before,2,8,0,1.6795,2412,955,1,1244,0,65,148,19,0,927
before,2,9,0,0.6681,951,662,1,135,0,35,119,41,0,54
before,2,10,2,2.0000,2880,815,0,1887,0,50,128,35,1,549
release,2,1,0,0.2573,364,260,1,18,73,1,12,17,0,18
release,2,2,1,1.8986,2587,860,1,1369,153,107,98,30,0,374
release,2,3,0,0.8295,1188,675,1,284,79,111,39,27,0,185
release,2,4,2,2.0000,2880,1241,0,1255,0,193,191,44,1,303
release,2,5,0,1.7000,2435,965,1,1285,0,63,122,19,0,961
release,2,6,1,1.5465,1573,545,1,660,78,210,80,27,0,304
release,2,7,2,2.0000,2880,1068,0,1619,0,103,90,22,1,630
release,2,8,0,1.6795,2412,955,1,1244,0,65,148,19,0,927
release,2,9,0,0.6635,951,674,1,82,133,11,51,25,0,58
release,2,10,0,1.7993,2426,744,1,1420,164,50,48,32,0,549
before,3,1,2,1.9944,5735,2196,1,3298,0,79,162,99,1,410
before,3,2,3,2.0000,5760,2332,0,3162,0,180,86,55,1,292
before,3,3,0,1.7495,4514,2577,2,1575,0,142,220,97,0,165
before,3,4,3,2.0000,5760,2449,0,3120,0,93,98,53,2,532
before,3,5,3,2.0000,4081,1525,2,2206,0,140,210,37,2,625
before,3,6,0,0.7711,2124,1197,2,535,0,136,256,49,0,290
before,3,7,0,1.8660,4259,1485,3,2413,0,146,215,37,0,776
before,3,8,3,2.0000,5760,2243,0,3110,0,185,222,40,2,764
before,3,9,0,0.4178,1188,720,2,275,0,38,155,92,0,60
before,3,10,3,2.0000,5760,2064,0,3506,0,61,129,47,2,508
release,3,1,0,0.2567,722,536,2,10,167,1,8,32,0,9
release,3,2,3,2.0000,5760,2365,0,3129,0,180,86,61,2,355
release,3,3,3,2.0000,5760,2955,0,2455,48,138,164,103,2,184
release,3,4,3,2.0000,5760,2379,0,3163,19,93,106,56,2,390
release,3,5,3,2.0000,5760,1516,0,3832,36,117,259,37,2,1098
release,3,6,1,1.8963,5032,2103,2,2534,143,125,127,45,0,982
release,3,7,3,2.0000,5760,1534,0,3681,246,125,174,42,2,1005
release,3,8,3,2.0000,5760,1690,0,3632,77,185,176,43,2,1167
release,3,9,0,0.4134,1169,756,2,59,276,38,40,70,0,35
release,3,10,3,2.0000,5760,2070,0,3506,2,61,121,47,2,508
before,5,1,4,1.9164,10917,4252,1,5920,0,390,355,127,3,419
before,5,2,5,2.0000,11520,3884,0,7103,0,247,286,89,4,628
before,5,3,3,1.8907,9852,4095,4,5055,0,344,358,138,0,348
before,5,4,4,1.9763,11348,5607,1,5160,0,259,322,124,3,478
before,5,5,3,1.8632,8347,2803,4,4817,0,343,384,75,0,1461
before,5,6,5,2.0000,11520,3738,0,7045,0,261,476,91,4,1002
before,5,7,5,2.0000,11520,4384,0,6454,0,322,360,269,1,588
before,5,8,5,2.0000,11520,2495,0,8567,0,164,294,58,4,1716
before,5,9,0,0.4089,2292,1295,4,518,0,22,457,223,0,21
before,5,10,5,2.0000,11520,3425,0,7427,0,339,329,83,0,1026
release,5,1,4,1.9343,11046,4618,1,5716,13,295,404,277,1,251
release,5,2,5,2.0000,11520,4469,0,6534,13,247,257,89,4,628
release,5,3,5,2.0000,11520,4208,0,6428,88,270,526,237,4,335
release,5,4,5,2.0000,11520,4996,0,5889,80,249,306,104,4,464
release,5,5,0,1.4860,8523,3245,4,4152,413,343,370,104,0,1576
release,5,6,5,2.0000,11520,3363,0,7413,0,261,483,89,4,1005
release,5,7,5,2.0000,11520,4406,0,6386,139,298,291,252,1,588
release,5,8,5,2.0000,11520,2495,0,8567,0,164,294,58,4,1716
release,5,9,0,0.3890,2189,1508,4,94,493,22,72,135,0,21
release,5,10,5,2.0000,11520,3416,0,7334,192,339,239,83,3,1026
before,9,1,7,1.9866,22865,8617,2,13155,0,506,587,202,6,594
before,9,2,8,1.9992,22876,8016,2,13662,0,660,538,194,6,715
release,9,1,7,1.9490,22311,8283,4,12791,148,506,583,203,4,594
release,9,2,9,2.0000,23040,8781,0,13040,60,660,499,194,8,682
